date,Accurate Sentiments,close
2021-11-05,0.3996031045913696,60937.12
2021-11-06,0.0,61470.61
2021-11-07,0,63273.59
2021-11-08,-0.209940880537033,67525.83
2021-11-09,0.249908298254013,66947.66
2021-11-10,-0.2491805702447891,64882.43
2021-11-11,0.0,64774.26
2021-11-12,0.2499098777770996,64122.23
2021-11-13,0,64380.0
2021-11-14,0.999618411064148,65519.1
2021-11-15,0.2498767077922821,63606.74
2021-11-16,0.2499091029167175,60058.87
2021-11-17,0.24990014731884,60344.87
2021-11-18,0.2498749792575836,56891.62
2021-11-19,-0.4964979588985443,58052.24
2021-11-20,0.0,59707.51
2021-11-21,0,58622.02
2021-11-22,0.2496708780527115,56247.18
2021-11-23,-0.2461833506822586,57541.27
2021-11-24,-0.002389907836914,57138.29
2021-11-25,0.1954000890254974,58960.36
2021-11-26,-0.2489383816719055,53726.53
2021-11-27,0,54721.03
2021-11-28,0,57274.88
2021-11-29,-0.2496888339519501,57776.25
2021-11-30,0.4756357967853546,56950.56
2021-12-01,0,57184.07
2021-12-02,0,56480.34
2021-12-03,0,53601.05
2021-12-04,0,49152.47
2021-12-05,0,49396.33
2021-12-06,0,50441.92
2021-12-07,0,50588.95
2021-12-08,0,50471.19
2021-12-09,0.4908636510372162,47545.59
2021-12-10,0.7462381571531296,47140.54
2021-12-11,0.0,49389.99
2021-12-12,0,50053.9
2021-12-13,-0.2484401315450668,46702.75
2021-12-14,0.0657815039157867,48343.28
2021-12-15,0.4995785355567932,48864.98
2021-12-16,0.7479280233383179,47632.38
2021-12-17,-0.2483747005462646,46131.2
2021-12-18,0.0,46834.48
2021-12-19,0,46681.23
2021-12-20,0.0,46914.16
2021-12-21,0.0,48889.88
2021-12-22,0.0,48588.16
2021-12-23,-0.4961441159248352,50838.81
2021-12-24,0.6662902235984802,50820.0
2021-12-25,0.0,50399.66
2021-12-26,0,50775.49
2021-12-27,0.2498825192451477,50701.44
2021-12-28,-0.7484204471111298,47543.74
2021-12-29,-0.3325933814048766,46464.66
2021-12-30,0.0004419088363646,47120.87
2021-12-31,-0.1863428205251693,46216.93
2022-01-01,0.0,47722.65
2022-01-02,0,47286.18
2022-01-03,-7.224082946799548e-06,46446.1
2022-01-04,0.0005545914173126,45832.01
2022-01-05,0.7490683943033218,43451.13
2022-01-06,-0.067503273487091,43082.31
2022-01-07,-0.1423935975347246,41566.48
2022-01-08,0.0,41679.74
2022-01-09,0,41864.62
2022-01-10,-0.1472739974657694,41822.49
2022-01-11,0.5991920113563538,42729.29
2022-01-12,0.4996304909388224,43902.66
2022-01-13,0.5718902179173061,42560.11
2022-01-14,0.0832494000593821,43059.96
2022-01-15,0.0,43084.29
2022-01-16,0,43071.66
2022-01-17,0.0747525904859815,42201.62
2022-01-18,-0.0034229299601386,42352.12
2022-01-19,0.200797285636266,41660.01
2022-01-20,0.0736831480806524,40680.91
2022-01-21,-0.3324690187970797,36445.31
2022-01-22,-0.4309689700603485,35071.42
2022-01-23,-0.162349134683609,36244.55
2022-01-24,-0.184258426229159,36660.35
2022-01-25,0.1482377052307129,36958.32
2022-01-26,0.2747449062087319,36809.34
2022-01-27,-0.0562577948850743,37160.1
2022-01-28,0.0090677976608276,37716.56
2022-01-29,-0.4954168349504471,38166.84
2022-01-30,0.5479778895775477,37881.76
2022-01-31,-0.0339489314291212,38466.9
2022-02-01,0.0878654977549677,38694.59
2022-02-02,-0.1608839869499206,36896.36
2022-02-03,-0.1420807157244001,37311.61
2022-02-04,0.3027527682921466,41574.25
2022-02-05,0.0,41382.59
2022-02-06,0.5768738729613168,42380.87
2022-02-07,0.1338304281234741,43839.99
2022-02-08,0.4381841296950976,44042.99
2022-02-09,0.081586392029472,44372.72
2022-02-10,0.0121663442024817,43495.44
2022-02-11,-0.0101369818051656,42373.73
2022-02-12,-0.0904135920784689,42217.87
2022-02-13,0.4679717838764191,42053.66
2022-02-14,0.1894169747829437,42535.94
2022-02-15,0.1051124802657536,44544.86
2022-02-16,-0.0688021595661456,43873.56
2022-02-17,0.0008752605189448,40515.7
2022-02-18,-0.1178589165210723,39974.44
2022-02-19,0.0,40079.17
2022-02-20,0.4355502128601074,38386.89
2022-02-21,0.198076444864273,37008.16
2022-02-22,0.0939800402392511,38230.33
2022-02-23,0.2785740594069163,37250.01
2022-02-24,-0.2358882850216281,38327.21
2022-02-25,0.2970301975374636,39219.17
2022-02-26,0.1998922705650329,39116.72
2022-02-27,0.3007848958174388,37699.07
2022-02-28,0.3541541214912168,43160.0
2022-03-01,0.4617146416143937,44421.2
2022-03-02,0.0195849646221507,43892.98
2022-03-03,0.0488619953393936,42454.0
2022-03-04,-0.0368883117385532,39148.66
2022-03-05,-0.1647378106911977,39397.96
2022-03-06,0.199848198890686,38420.81
2022-03-07,-0.1726819305192856,37988.0
2022-03-08,0.2631694213910536,38730.63
2022-03-09,0.2407607463273135,41941.71
2022-03-10,0.2778341543106806,39422.0
2022-03-11,0.2368557027408055,38729.57
2022-03-12,0.2369106326784406,38807.36
2022-03-13,0.0,37777.34
2022-03-14,0.0767368285552315,39671.37
2022-03-15,0.4072609004520234,39280.33
2022-03-16,0.0814372546532574,41114.0
2022-03-17,0.031617705638592,40917.9
2022-03-18,0.0675096862456377,41757.51
2022-03-19,0.2497884333133697,42201.13
2022-03-20,0.4755556136369705,41262.11
2022-03-21,0.0960493087768554,41002.25
2022-03-22,0.4301749765872955,42364.13
2022-03-23,0.2101639195492393,42882.76
2022-03-24,0.2644248627699338,43991.46
2022-03-25,0.2732024138624018,44313.16
2022-03-26,0.0461129446824391,44511.27
2022-03-27,0.3998435020446777,46827.76
2022-03-28,0.277616884973314,47122.21
2022-03-29,0.0895271611213684,47434.8
2022-03-30,0.4682663194835186,47067.99
2022-03-31,0.3297352989514668,45510.34
2022-04-01,-0.0593214224685322,46283.49
2022-04-02,0.1191224306821823,45811.0
2022-04-03,0.3337965905666351,46407.35
2022-04-04,0.0276342560263241,46580.51
2022-04-05,0.215174314768418,45497.55
2022-04-06,0.0136977677995508,43170.47
2022-04-07,0.238933487850077,43444.19
2022-04-08,0.0056056690216064,42252.01
2022-04-09,0.2497453838586807,42753.97
2022-04-10,0.4825411240259806,42158.85
2022-04-11,-0.1353586419768955,39530.45
2022-04-12,-0.076854881313112,40074.94
2022-04-13,0.0091301111074594,41147.79
2022-04-14,0.2401067925536114,39942.38
2022-04-15,0.0925353566805521,40551.9
2022-04-16,0.2496012896299362,40378.71
2022-04-17,-0.3327728509902954,39678.12
2022-04-18,-0.2873574756085872,40801.13
2022-04-19,0.49241663813591,41493.18
2022-04-20,-0.1273182829221089,41358.19
2022-04-21,0.1636014089864843,40480.01
2022-04-22,-0.0523728993203904,39709.18
2022-04-23,0.1026776134967803,39441.6
2022-04-24,0.0,39450.13
2022-04-25,-0.0459919406308068,40426.08
2022-04-26,0.2695364378965817,38112.65
2022-04-27,0.1808149814605713,39235.72
2022-04-28,0.0147990932067235,39742.07
2022-04-29,0.0744611206262008,38596.11
2022-04-30,0.2147066791852316,37630.8
2022-05-01,0.5994485378265381,38468.35
2022-05-02,-0.1744521330384647,38525.16
2022-05-03,0.0196701486905415,37728.95
2022-05-04,0.0466270446777343,39690.0
2022-05-05,-0.1671761813617888,36552.97
2022-05-06,-0.2196158035234971,36013.77
2022-05-07,-0.2403489202260971,35472.39
2022-05-08,-0.1837487339973449,34038.4
2022-05-09,-0.1922183687036687,30076.31
2022-05-10,-0.3179928387204806,31017.1
2022-05-11,-0.1193503513932228,29103.94
2022-05-12,-0.0029876947402954,29029.75
2022-05-13,0.2688430005853826,29287.05
2022-05-14,0.2494278699159622,30086.74
2022-05-15,0.0058816373348236,31328.89
2022-05-16,-0.0116525689760843,29874.01
2022-05-17,-0.0522644730175242,30444.93
2022-05-18,0.0996004243691762,28715.32
2022-05-19,-0.0297602593898773,30319.23
2022-05-20,-0.0125831616552252,29201.01
2022-05-21,-0.497958093881607,29445.06
2022-05-22,0.0001784988812037,30293.94
2022-05-23,0.1089884175194634,29109.15
2022-05-24,-0.0737267682949702,29654.58
2022-05-25,0.285356017095702,29542.15
2022-05-26,-0.4965483910507626,29201.35
2022-05-27,-0.4094616802115189,28629.8
2022-05-28,-0.5070098280906677,29031.33
2022-05-29,0.3292227784792582,29468.1
2022-05-30,0.1205243936606815,31734.22
2022-05-31,0.1544021734824547,31801.04
2022-06-01,-0.0887232964689081,29805.83
2022-06-02,0.0401500105857849,30452.62
2022-06-03,-0.2822277659461611,29700.21
2022-06-04,-0.9695298075675964,29864.04
2022-06-05,-0.4269946558134896,29919.21
2022-06-06,0.0269888594746589,31373.1
2022-06-07,0.0567591236187861,31125.33
2022-06-08,-0.0615272849798202,30204.77
2022-06-09,0.101324482096566,30109.93
2022-06-10,-0.0419951988303143,29091.88
2022-06-11,-0.0848073661327362,28424.7
2022-06-12,-0.1389375158718654,26574.53
2022-06-13,-0.1741504669189453,22487.41
2022-06-14,-0.3380127567797899,22136.41
2022-06-15,0.0796129520122821,22583.72
2022-06-16,0.1130701427658398,20401.31
2022-06-17,-0.065058928468953,20468.81
2022-06-18,-0.034174807369709,18970.79
2022-06-19,0.3179424703121185,20574.0
2022-06-20,-0.2048049285298302,20573.89
2022-06-21,-0.0962436880384172,20723.52
2022-06-22,-0.146138160125069,19987.99
2022-06-23,-0.3210547618244005,21110.13
2022-06-24,0.278193496995502,21237.69
2022-06-25,0.1758096714814504,21491.19
2022-06-26,0.4581958353519439,21038.07
2022-06-27,0.0598408897717793,20742.56
2022-06-28,-0.173028686467339,20281.29
2022-06-29,-0.1519953064296556,20123.01
2022-06-30,-0.1813310547308488,19942.21
2022-07-01,0.1655232620735963,19279.8
2022-07-02,0.0188650318554469,19252.81
2022-07-03,0.2169327139854431,19315.83
2022-07-04,-0.0889483988285064,20236.71
2022-07-05,-0.0152921287909798,20175.83
2022-07-06,-0.1196627948019239,20564.51
2022-07-07,-0.0572506907311352,21624.98
2022-07-08,0.306818577376279,21594.75
2022-07-09,0.4400704238149855,21591.83
2022-07-10,0.2854873538017273,20862.47
2022-07-11,-0.1314348466694355,19963.61
2022-07-12,-0.2896033630651586,19328.75
2022-07-13,0.03373699752908,20234.87
2022-07-14,0.1331967255648444,20588.84
2022-07-15,0.2673744797706604,20830.04
2022-07-16,0.0005120464733668,21195.6
2022-07-17,0.2865006497928074,20798.16
2022-07-18,0.1917165463620966,22432.58
2022-07-19,0.2908144277684829,23396.62
2022-07-20,0.4623325301541222,23223.3
2022-07-21,0.0579550943591378,23152.19
2022-07-22,0.0208685278892516,22684.83
2022-07-23,0.060984879732132,22451.07
2022-07-24,-0.3645807862281799,22579.68
2022-07-25,-0.1874044500291347,21310.9
2022-07-26,-0.4134085554825632,21254.67
2022-07-27,0.1427408712250845,22952.45
2022-07-28,0.1848437597877101,23842.93
2022-07-29,0.0196273364126682,23773.75
2022-07-30,0.499119833111763,23643.51
2022-07-31,0.5994985938072205,23293.32
2022-08-01,0.2347407102584839,23268.01
2022-08-02,-0.1130647974855759,22987.79
2022-08-03,-0.1310037119047982,22818.37
2022-08-04,0.2323726018269857,22622.98
2022-08-05,0.1275468866030375,23312.42
2022-08-06,-0.1417765787669591,22954.21
2022-08-07,0.0006290525197983,23174.39
2022-08-08,0.1426075458526611,23810.0
2022-08-09,0.4981938681819222,23149.95
2022-08-10,0.2805711168509263,23954.05
2022-08-11,0.2103134542703628,23934.39
2022-08-12,0.2036108672618866,24403.68
2022-08-13,0.7120754974228996,24441.38
2022-08-14,-0.6789398789405823,24305.24
2022-08-15,-0.2746726104191371,24094.82
2022-08-16,-0.0950298458337783,23854.74
2022-08-17,0.1526091367006302,23342.66
2022-08-18,-0.0599851837525,23191.2
2022-08-19,-0.6095369024710222,20834.39
2022-08-20,0.2000876307487487,21140.07
2022-08-21,0.3332029779752096,21515.61
2022-08-22,-0.0331143252551555,21399.83
2022-08-23,-0.0516403572899954,21529.12
2022-08-24,0.2264222853323992,21368.08
2022-08-25,0.0443143016762203,21559.04
2022-08-26,-0.2348789760940953,20241.05
2022-08-27,-0.5970075726509094,20037.6
2022-08-28,-0.1238055005669594,19555.61
2022-08-29,-0.1029077548729746,20285.73
2022-08-30,-0.0699061581066676,19811.66
2022-08-31,0.1764713644981384,20050.02
2022-09-01,-0.2638493895530701,20131.46
2022-09-02,0.0686272698290207,19951.86
2022-09-03,-0.2177454382181167,19831.9
2022-09-04,0.4998135566711426,20000.3
2022-09-05,0.0772087140516801,19796.84
2022-09-06,0.1155603289604186,18790.61
2022-09-07,0.0341657431502091,19292.84
2022-09-08,-0.0303202907244364,19319.77
2022-09-09,0.1458217459065573,21360.11
2022-09-10,-0.2932493885358174,21648.34
2022-09-11,0.2010344624519348,21826.87
2022-09-12,0.3780786366689773,22395.74
2022-09-13,-0.046573071252732,20173.57
2022-09-14,-0.1502957298205448,20226.71
2022-09-15,0.1532234366123493,19701.88
2022-09-16,0.0626871325075626,19803.3
2022-09-17,-0.3049714267253876,20113.62
2022-09-18,0.3642701506614685,19416.18
2022-09-19,-0.589090363184611,19537.02
2022-09-20,0.1289357095956802,18875.0
2022-09-21,0.0616741102674732,18461.36
2022-09-22,-0.0116537855221674,19401.63
2022-09-23,0.0773470539313096,19289.91
2022-09-24,0.4928594430287679,18920.5
2022-09-25,0.0006522387266159,18807.38
2022-09-26,0.1108716038557199,19227.82
2022-09-27,0.051922270655632,19079.13
2022-09-28,0.0004609127839406,19412.82
2022-09-29,0.032314682708067,19591.51
2022-09-30,-0.3313578218221664,19422.61
2022-10-01,0.2498895972967148,19310.95
2022-10-02,-0.3326249917348226,19056.8
2022-10-03,0.1634430438280105,19629.08
2022-10-04,-0.0620877221226692,20337.82
2022-10-05,0.185188973491842,20158.26
2022-10-06,0.302738744020462,19960.67
2022-10-07,0.0731800347566604,19530.09
2022-10-08,0.3767886161804199,19417.96
2022-10-09,0.4984326213598251,19439.02
2022-10-10,-0.0101593017578125,19131.87
2022-10-11,-0.0514277254833894,19060.0
2022-10-12,-0.0992401100340343,19155.53
2022-10-13,0.1190657392144203,19375.13
2022-10-14,0.3386386758402774,19176.93
2022-10-15,-0.2214751342932383,19069.39
2022-10-16,0.6193474133809408,19262.98
2022-10-17,0.1358239764258975,19549.86
2022-10-18,-0.0113252827099391,19327.44
2022-10-19,0.0564103258980645,19123.97
2022-10-20,0.0948821130920859,19041.92
2022-10-21,-0.1404175290039607,19164.37
2022-10-22,0.1102025575107998,19204.35
2022-10-23,0.111754126018948,19570.4
2022-10-24,-0.2053259266050238,19329.72
2022-10-25,0.0846200948176176,20080.07
2022-10-26,0.3795744180679321,20771.59
2022-10-27,0.0005726326595652,20295.11
2022-10-28,-0.4419184662401676,20591.84
2022-10-29,0.3490687410036723,20809.67
2022-10-30,0.4986362159252166,20627.48
2022-10-31,-0.1488411105596102,20490.74
2022-11-01,0.2126425504684448,20483.62
2022-11-02,0.1202716543560936,20151.84
2022-11-03,-0.059407852590084,20207.82
2022-11-04,0.1944250831237206,21148.52
2022-11-05,0.6239573135972023,21299.37
2022-11-06,0.3998222708702087,20905.58
2022-11-07,-0.2350889394680659,20591.13
2022-11-08,0.114856481552124,18547.23
2022-11-09,-0.2341500064905952,15922.81
2022-11-10,-0.1289040525754293,17601.15
2022-11-11,-0.2071848392486572,17070.31
2022-11-12,-0.6615608334541321,16812.08
2022-11-13,0.0001357346773147,16329.85
2022-11-14,0.0123679770363701,16619.46
2022-11-15,-0.0786097475460597,16900.57
2022-11-16,-0.2434574564297994,16662.76
2022-11-17,-0.2324968541369718,16692.56
2022-11-18,-0.1116083318536931,16700.45
2022-11-19,-0.904834657907486,16700.68
2022-11-20,0.1196757044110979,16280.23
2022-11-21,-0.0401019222206539,15781.29
2022-11-22,-0.3434855222702026,16226.94
2022-11-23,-0.0648699171013302,16603.11
2022-11-24,-0.0284929450820474,16598.95
2022-11-25,-0.0515964767512153,16522.14
2022-11-26,0.1720898250738779,16458.57
2022-11-27,-0.4965266287326813,16428.78
2022-11-28,-0.3223584820242489,16212.91
2022-11-29,0.0006792334949269,16442.53
2022-11-30,0.2231139056384563,17163.64
2022-12-01,0.2851450570992061,16977.37
2022-12-02,0.2566806574662526,17092.74
2022-12-03,0.279740583896637,16885.2
2022-12-04,0.0661829486489295,17105.7
2022-12-05,0.3229881644248962,16966.35
2022-12-06,0.0895519957822911,17088.96
2022-12-07,0.0286385648780398,16836.64
2022-12-08,-0.2414368336850946,17224.1
2022-12-09,0.4106191098690033,17128.56
2022-12-10,0.2696779881204877,17127.49
2022-12-11,0.5708984136581421,17085.05
2022-12-12,-0.015813388322529,17209.83
2022-12-13,0.5402128001054128,17774.7
2022-12-14,0.4921073392033577,17803.15
2022-12-15,-0.152157710148738,17356.34
2022-12-16,-0.3828370414282146,16632.12
2022-12-17,-0.3377731641133626,16776.52
2022-12-18,0.0,16738.21
2022-12-19,-0.3312677655901228,16438.88
2022-12-20,-0.2537995328505834,16895.56
2022-12-21,-0.1512949637004307,16824.67
2022-12-22,-0.3137827946080102,16821.43
2022-12-23,0.1248543645654405,16778.5
2022-12-24,-0.1871896505355835,16836.12
2022-12-25,0.0262289881706237,16832.11
2022-12-26,0.4194907588618142,16919.39
2022-12-27,0.0764967248989985,16706.36
2022-12-28,-0.4831055005391438,16547.31
2022-12-29,0.3357463677724202,16633.47
2022-12-30,-0.433004465368059,16607.48
2022-12-31,-0.3987323999404907,16542.4
2023-01-01,0.003986632823944,16616.75
2023-01-02,-0.1825429541724068,16672.87
2023-01-03,0.3631801388480446,16675.18
2023-01-04,0.1302055828273296,16850.36
2023-01-05,-0.1454624980688095,16831.85
2023-01-06,-0.2332309981187184,16950.65
2023-01-07,0.9994226694107056,16943.57
2023-01-08,-0.3117282191912333,17127.83
2023-01-09,0.0025275403803045,17178.26
2023-01-10,0.1430076275553022,17440.66
2023-01-11,0.2104991043315214,17943.26
2023-01-12,0.4462867885828018,18846.62
2023-01-13,0.2496360199792044,19930.01
2023-01-14,0.045413783618382,20954.92
2023-01-15,-0.2731997030121939,20871.5
2023-01-16,0.6075655884212918,21185.65
2023-01-17,0.4493657455724828,21134.81
2023-01-18,0.4427440365155538,20677.47
2023-01-19,0.2415294577093685,21071.59
2023-01-20,0.2174751877784729,22667.21
2023-01-21,0.2147484421730041,22783.55
2023-01-22,0.9974765777587892,22707.88
2023-01-23,0.6988265693187714,22916.45
2023-01-24,0.06319746043947,22632.89
2023-01-25,0.4336606860160827,23060.94
2023-01-26,-0.1207669116556644,23009.65
2023-01-27,0.226859163492918,23074.16
2023-01-28,0.3330146670341492,23022.6
2023-01-29,0.6305752793947855,23742.3
2023-01-30,0.4951029221216838,22826.15
2023-01-31,0.0573236081335279,23125.13
2023-02-01,0.332949674129486,23732.66
2023-02-02,0.2501182903846105,23488.94
2023-02-03,0.0410243421792983,23431.9
2023-02-04,0.1237935125827788,23326.84
2023-02-05,0.1684968372186024,22932.91
2023-02-06,-0.3157047563129001,22762.52
2023-02-07,0.2187050526792353,23240.46
2023-02-08,-0.0415434728969227,22963.0
2023-02-09,0.0238421724902258,21796.35
2023-02-10,-0.1812038746747103,21625.19
2023-02-11,-0.1617464125156402,21862.55
2023-02-12,0.5476948618888855,21783.54
2023-02-13,-0.1767186251553622,21773.97
2023-02-14,0.5289097673752728,22199.84
2023-02-15,0.4346229293767144,24324.05
2023-02-16,0.0336172069822038,23517.72
2023-02-17,0.4390007019042968,24569.97
2023-02-18,0.4944889545440674,24631.95
2023-02-19,-0.125641119480133,24271.76
2023-02-20,0.2280956109364827,24842.2
2023-02-21,-0.0005076619294973,24452.16
2023-02-22,0.057261413998074,24182.21
2023-02-23,0.3336828450361888,23940.2
2023-02-24,0.1042935450871785,23185.29
2023-02-25,0.1667189200719197,23157.07
2023-02-26,0.2498878687620163,23554.85
2023-02-27,0.095668444266686,23492.09
2023-02-28,-0.0757835467656453,23141.57
2023-03-01,0.2034202039241791,23628.97
2023-03-02,-0.082810898621877,23465.32
2023-03-03,-0.3554902247020176,22354.34
2023-03-04,0.497648408015569,22346.57
2023-03-05,0.0002959668636322,22430.24
2023-03-06,0.2679200507700443,22410.0
2023-03-07,0.0799440070986748,22197.96
2023-03-08,0.037743192911148,21705.44
2023-03-09,-0.1889745417763205,20362.22
2023-03-10,-0.0965869589285417,20150.69
2023-03-11,-0.2430416494607924,20455.73
2023-03-12,0.6661102970441183,21997.11
2023-03-13,0.0771988332271576,24113.48
2023-03-14,0.2076481617987155,24670.41
2023-03-15,0.0922719944607127,24285.66
2023-03-16,0.2996128935080308,24998.78
2023-03-17,0.3841170310974121,27395.13
2023-03-18,0.3814154505729675,26907.49
2023-03-19,0.7496783956885338,27972.87
2023-03-20,0.2504878640174866,27717.01
2023-03-21,0.4428667317737232,28105.47
2023-03-22,0.1174513763851589,27250.97
2023-03-23,0.3286646554867427,28295.41
2023-03-24,0.1524060185138996,27454.47
2023-03-25,0.0063814222812652,27462.95
2023-03-26,0.2531126588582992,27968.05
2023-03-27,0.554749329884847,27124.91
2023-03-28,-0.0013169740375719,27261.07
2023-03-29,0.2820063361099788,28348.6
2023-03-30,0.2583319598978216,28028.53
2023-03-31,0.4924111528830094,28465.36
2023-04-01,0.251977190375328,28452.73
2023-04-02,0.0142892599105834,28171.87
2023-04-03,-0.0543115377426147,27800.0
2023-04-04,0.5005474090576172,28165.47
2023-04-05,0.0258843685899462,28170.01
2023-04-06,-0.067323659147535,28033.82
2023-04-07,0.6066319888288324,27906.33
2023-04-08,0.461608737707138,27938.38
2023-04-09,-0.0199975371360778,28323.76
2023-04-10,0.3404377351204554,29637.34
2023-04-11,0.1546536173139299,30200.42
2023-04-12,0.1066901842753092,29888.07
2023-04-13,0.2406352712557866,30373.84
2023-04-14,0.5802247375249863,30466.93
2023-04-15,0.2519483864307403,30295.09
2023-04-16,0.4996962547302246,30304.65
2023-04-17,0.24179840584596,29430.27
2023-04-18,0.4138254165649414,30380.01
2023-04-19,0.3300550977389018,28797.1
2023-04-20,-0.1038366881283846,28243.65
2023-04-21,0.0973139537705315,27262.84
2023-04-22,0.0011469920476277,27816.85
2023-04-23,-0.4958157688379287,27590.6
2023-04-24,-0.2870238423347473,27510.93
2023-04-25,0.1399385766549543,28300.79
2023-04-26,-0.02461696096829,28415.29
2023-04-27,0.0003725131352742,29472.77
2023-04-28,0.2042779326438904,29311.7
2023-04-29,0.0,29230.45
2023-04-30,0.3313953876495361,29233.21
2023-05-01,0.0776465626863332,28068.26
2023-05-02,-0.0741173589930814,28669.86
2023-05-03,0.2485055215656757,29026.16
2023-05-04,0.264139324426651,28838.16
2023-05-05,0.5264760689301924,29505.61
2023-05-06,0.1978579759597778,28848.2
2023-05-07,0.2498794794082641,28430.1
2023-05-08,-0.2469103282148187,27668.79
2023-05-09,-0.0779119282960891,27628.27
2023-05-10,0.0773869156837463,27598.75
2023-05-11,0.0575808361172676,26968.62
2023-05-12,0.4261149423463004,26795.01
2023-05-13,-0.4975749850273132,26775.28
2023-05-14,0.3365446329116821,26917.62
2023-05-15,0.4041502230307635,27162.14
2023-05-16,0.0863028060306202,27033.84
2023-05-17,0.0393794566392898,27405.61
2023-05-18,0.3238573133945465,26821.28
2023-05-19,-0.3008017189362469,26880.26
2023-05-20,0.265477544731564,27102.43
2023-05-21,0.0573797583580016,26747.78
2023-05-22,-0.0627720395723978,26849.27
2023-05-23,0.3625310567709116,27219.61
2023-05-24,0.0460902235724709,26329.01
2023-05-25,0.0442266662915547,26473.79
2023-05-26,-0.2487490028142929,26705.92
2023-05-27,0.6662318110466003,26854.27
2023-05-28,0.153295167854854,28065.0
2023-05-29,0.2463169246912002,27736.4
2023-05-30,0.0627436675131321,27694.4
2023-05-31,-0.0961229552825292,27210.35
2023-06-01,0.0731958448886871,26817.93
2023-06-02,-0.1586223661899566,27242.59
2023-06-03,0.9997056126594543,27069.22
2023-06-04,0.6663120985031128,27115.21
2023-06-05,-0.3554660422461373,25728.2
2023-06-06,-0.3728644664470966,27230.08
2023-06-07,0.0242978063496676,26339.34
2023-06-08,-0.18897617321748,26498.61
2023-06-09,-0.0552949990545,26477.81
2023-06-10,-0.3063402771949768,25841.21
2023-06-11,-1.932680606839265e-05,25925.55
2023-06-12,-0.136339022563054,25905.19
2023-06-13,0.006824384133021,25934.25
2023-06-14,0.1588099787109776,25128.6
2023-06-15,-0.0773881031916691,25598.49
2023-06-16,0.5301071618284497,26345.0
2023-06-17,0.5423627942800522,26516.99
2023-06-18,0.5359489492007664,26339.97
2023-06-19,-0.0687235116958618,26844.35
2023-06-20,0.1537077931257394,28307.99
2023-06-21,0.358499375256625,29993.89
2023-06-22,0.1355332334836324,29884.92
2023-06-23,0.5131999924778938,30688.5
2023-06-24,0.7496473789215088,30527.43
2023-06-25,0.7994456171989441,30462.66
2023-06-26,0.0818678140640258,30267.99
2023-06-27,0.3889138268099891,30692.44
2023-06-28,0.0477734018455852,30077.41
2023-06-29,-0.0610204299290975,30447.31
2023-06-30,0.1028217265480442,30472.0
2023-07-01,0.5997756481170654,30585.9
2023-07-02,0.2007172465324402,30617.03
2023-07-03,0.3128383532166481,31156.2
2023-07-04,0.7209018998675876,30766.51
2023-07-05,0.0217014347965067,30504.81
2023-07-06,0.3548314954553331,29895.43
2023-07-07,0.0680533250172932,30344.7
2023-07-08,0.5997861981391907,30284.63
2023-07-09,0.4093751973576016,30160.71
2023-07-10,0.0779773082051958,30411.57
2023-07-11,0.4303328063752916,30622.1
2023-07-12,0.1611003467911168,30380.0
2023-07-13,-0.1220390512829735,31454.23
2023-07-14,0.4658922553062439,30312.01
2023-07-15,-0.3240027129650116,30289.52
2023-07-16,-0.1993534445762634,30231.99
2023-07-17,0.016950570874744,30138.0
2023-07-18,0.1844210438430309,29859.13
2023-07-19,0.3431013356084409,29909.21
2023-07-20,0.1468519823891776,29800.0
2023-07-21,0.0676509067416191,29901.72
2023-07-22,0.6440168420473734,29794.0
2023-07-23,-0.1989514708518981,30083.75
2023-07-24,0.0699935754140218,29176.5
2023-07-25,0.2021188298861186,29228.91
2023-07-26,0.0284590937874533,29351.96
2023-07-27,0.0717250023569379,29222.78
2023-07-28,-0.1892655662127903,29314.14
2023-07-29,0.2503606826066971,29352.9
2023-07-30,-0.1249778121709823,29281.09
2023-07-31,0.0435323154225068,29232.25
2023-08-01,-0.2706966224838705,29705.99
2023-08-02,0.3000179857015609,29186.01
2023-08-03,0.062512287071773,29193.64
2023-08-04,0.1394440084695816,29113.99
2023-08-05,0.0021537939707438,29072.13
2023-08-06,0.3335341910521189,29088.42
2023-08-07,0.2150902785360813,29211.06
2023-08-08,0.0591532150904337,29770.42
2023-08-09,0.2267879396677017,29581.99
2023-08-10,-0.3669293522834778,29455.75
2023-08-11,0.0722906419209071,29426.03
2023-08-12,0.000328779220581,29430.17
2023-08-13,0.1330480799078941,29303.84
2023-08-14,0.3309497362688968,29430.93
2023-08-15,0.2270542740821838,29200.0
2023-08-16,-0.1927437454462051,28730.51
2023-08-17,0.3610655096444217,26623.41
2023-08-18,-0.7721189194255405,26054.0
2023-08-19,-0.2484879717230796,26100.01
2023-08-20,0.3369097842110528,26189.99
2023-08-21,-0.1818053759634494,26126.92
2023-08-22,-0.0272126135073209,26056.0
2023-08-23,-0.0695802370707194,26432.72
2023-08-24,0.1019570259820847,26180.05
2023-08-25,0.0976609885692596,26060.01
2023-08-26,0.3396983444690704,26017.37
2023-08-27,0.0005432168642679,26101.77
2023-08-28,-0.1328030308087667,26120.0
2023-08-29,0.331908864279588,27716.34
2023-08-30,0.2298303869637576,27299.99
2023-08-31,0.3676958282788594,25940.78
2023-09-01,0.080824593702952,25805.05
2023-09-02,0.4995701909065246,25869.51
2023-09-03,-0.3846282362937927,25971.21
2023-09-04,0.2315746089991401,25826.02
2023-09-05,0.2012245178222656,25792.1
2023-09-06,0.0708761016527811,25759.95
2023-09-07,0.3183256745338439,26255.0
2023-09-08,0.0491404930750528,25910.5
2023-09-09,0.998711347579956,25901.61
2023-09-10,-0.19644775390625,25841.61
2023-09-11,-0.1757355007258328,25162.52
2023-09-12,0.1967508822679519,25840.1
2023-09-13,0.2729031489445612,26222.0
2023-09-14,0.0793469227277315,26522.73
2023-09-15,0.0598478093743324,26600.0
2023-09-16,0.9966088384389878,26559.67
2023-09-17,0.4299297843660627,26527.51
2023-09-18,0.4257107563316822,26762.51
2023-09-19,0.3402540650632646,27210.26
2023-09-20,0.3049432729419909,27125.0
2023-09-21,-0.2537155598402023,26568.08
2023-09-22,0.1958970637882457,26580.14
2023-09-23,0.4980027601122856,26575.96
2023-09-24,0.2499009594321251,26248.38
2023-09-25,-0.1886177784518191,26304.81
2023-09-26,-0.0354420691728592,26221.67
2023-09-27,-0.0800383488337199,26372.99
2023-09-28,0.0750720586095537,27021.39
2023-09-29,0.184220802783966,26906.96
2023-09-30,0.0001022815704345,26962.56
2023-10-01,0.6663236816724142,27992.57
2023-10-02,0.7216321527957916,27494.51
2023-10-03,-0.0096293412722073,27426.46
2023-10-04,0.324157640337944,27778.57
2023-10-05,0.2774584690729777,27410.39
2023-10-06,-0.0402543346087137,27931.09
2023-10-07,0.6662693421045939,27956.67
2023-10-08,0.4929135888814927,27917.05
2023-10-09,0.1997847020626068,27590.12
2023-10-10,-0.0767842881819781,27390.12
2023-10-11,-0.058279531843522,26875.52
2023-10-12,-0.124137882143259,26759.63
2023-10-13,-0.1691972613334655,26862.0
2023-10-14,0.7139425703457424,26852.48
2023-10-15,0.6664464076360067,27154.15
2023-10-16,0.0582490978033646,28500.78
2023-10-17,0.391859362522761,28395.91
2023-10-18,0.490680456161499,28320.0
2023-10-19,0.1963437621792157,28713.71
2023-10-20,0.7278311798969904,29669.04
2023-10-21,0.0464247390627861,29909.8
2023-10-22,0.2861483607973371,29992.46
2023-10-23,0.550003023147583,33069.99
2023-10-24,0.2995700297817107,33922.73
2023-10-25,0.3060964370767275,34496.05
2023-10-26,0.160601396309702,34151.66
2023-10-27,0.0447601816233466,33892.02
2023-10-28,0.3332265218098958,34081.0
2023-10-29,0.6662159621715545,34525.89
2023-10-30,0.3628461909294128,34474.73
2023-10-31,0.3823789197664994,34639.77
2023-11-01,-0.0242578908801078,35421.43
2023-11-02,0.5014610732043231,34941.59
2023-11-03,0.0385080054402351,34716.78
2023-11-04,0.5997124433517456,35062.07
2023-11-05,0.4995916783809662,35011.88
2023-11-06,0.2349793215592702,35046.09
2023-11-07,0.2739611376415599,35399.12
2023-11-08,0.2112081415123409,35624.72
2023-11-09,0.225171527136927,36701.09
2023-11-10,0.2890514677221125,37301.63
2023-11-11,0.2526804059743881,37130.0
2023-11-12,0.2591316529682704,37064.13
2023-11-13,0.2568645030260086,36462.93
2023-11-14,0.3105726242065429,35551.19
2023-11-15,-0.3066026680171489,37858.2
2023-11-16,0.3019743141006021,36163.51
2023-11-17,0.3898236182602969,36613.92
2023-11-18,0.0,36568.1
2023-11-19,0.0005845665931701,37359.86
2023-11-20,0.4534700711568196,37448.78
2023-11-21,0.3446365805233226,35741.65
2023-11-22,-0.101559966802597,37408.34
2023-11-23,0.1374829756586175,37294.28
2023-11-24,0.1461528458378532,37713.57
2023-11-25,0.832941085100174,37780.67
2023-11-26,0.4316117337771824,37447.43
2023-11-27,0.0725291797092982,37242.7
2023-11-28,-0.066334257000371,37818.87
2023-11-29,0.2739588916301727,37854.64
2023-11-30,0.3388935671402858,37723.96
2023-12-01,0.2810461087660356,38682.52
2023-12-02,0.8741117641329765,39450.35
2023-12-03,0.5037664771080017,39972.26
2023-12-04,0.4437465398542343,41991.1
2023-12-05,0.3414924586972883,44073.32
2023-12-06,0.5524133866031965,43762.69
2023-12-07,0.2264092699173958,43273.14
2023-12-08,0.3485698103904724,44170.99
2023-12-09,0.399646109342575,43713.6
2023-12-10,0.0183255672454833,43789.51
2023-12-11,-0.3376395180821419,41253.4
2023-12-12,0.4592084189256032,41492.39
2023-12-13,0.0398489128459584,42869.03
2023-12-14,0.4988468523536409,43022.26
2023-12-15,0.1484347339029665,41940.3
2023-12-16,0.2728861825806754,42278.03
2023-12-17,-0.1473252574602763,41374.65
2023-12-18,0.1188278595606486,42657.8
2023-12-19,0.2498954981565475,42275.99
2023-12-20,0,43668.93
2023-12-21,0,43861.8
2023-12-22,0,43969.04
2023-12-23,0,43702.16
2023-12-24,0,42991.5
2023-12-25,0,43576.13
2023-12-26,0,42508.93
2023-12-27,0,43428.85
2023-12-28,0,42563.76
2023-12-29,0,42066.95
2023-12-30,0.9995802044868468,42140.28
2023-12-31,0,42283.58
2024-01-01,0,44179.55
2024-01-02,0,44946.91
2024-01-03,0,42845.23
2024-01-04,-0.9983419179916382,44151.1
2024-01-05,0,44145.11
2024-01-06,0.998489260673523,43968.32
2024-01-07,0,43929.02
2024-01-08,0,46951.04
2024-01-09,0,46110.0
2024-01-10,0,46653.99
2024-01-11,0,46339.16
2024-01-12,0,42782.73
2024-01-13,0,42847.99
2024-01-14,0,41732.35
2024-01-15,0,42511.1
2024-01-16,0,43137.95
2024-01-17,0,42776.1
2024-01-18,0,41327.5
2024-01-19,0,41659.03
2024-01-20,0,41696.04
2024-01-21,0,41580.33
2024-01-22,0,39568.02
2024-01-23,0,39897.6
2024-01-24,0,40084.88
2024-01-25,0,39961.09
2024-01-26,0,41823.51
2024-01-27,0,42120.63
2024-01-28,0,42031.06
2024-01-29,0,43302.7
2024-01-30,0,42941.1
2024-01-31,-0.2518372386693954,42580.0
2024-02-01,0.0002298553784687,43082.94
2024-02-02,0,43200.0
2024-02-03,0,43011.09
2024-02-04,0.9995998740196228,42582.88
2024-02-05,0.99836927652359,42708.7
2024-02-06,-0.7124956250190735,43098.95
2024-02-07,0,44349.6
2024-02-08,0,45288.65
2024-02-09,0.9995952248573304,47132.77
2024-02-10,0,47751.09
2024-02-11,0,48299.99
2024-02-12,-0.1664851109186808,49917.27
2024-02-13,0.3126594237983227,49699.59
2024-02-14,0.614833442064432,51795.17
2024-02-15,0.1341198205947876,51880.0
2024-02-16,0.0005989372730255,52124.11
2024-02-17,0.9995869994163512,51642.64
2024-02-18,0,52137.67
2024-02-19,0.9994827508926392,51774.73
2024-02-20,0,52258.82
2024-02-21,-0.9978697299957277,51849.39
2024-02-22,0,51288.42
2024-02-23,0,50744.15
2024-02-24,0,51568.22
2024-02-25,0,51728.85
2024-02-26,0.9996299544970194,54476.47
2024-02-27,0.9996201992034912,57037.34
2024-02-28,0.9964901208877563,62432.1
2024-02-29,-0.4991435706615448,61130.98
2024-03-01,0,62387.9
2024-03-02,0,61987.28
2024-03-03,0,63113.97
2024-03-04,0.4286067230360849,68245.71
2024-03-05,-0.2856418490409851,63724.01
2024-03-06,0.0032843947410582,66074.04
2024-03-07,0.6261697232723236,66823.17
2024-03-08,0.9992020428180696,68124.19
2024-03-09,0.4997781217098236,68313.27
2024-03-10,0.4993324677149455,68955.88
2024-03-11,0.9995311498641968,72078.1
2024-03-12,0.5231111288070679,71452.01
2024-03-13,0.4997937977313996,73072.41
2024-03-14,0.207180639108022,71388.94
2024-03-15,-0.4271783232688904,69499.85
2024-03-16,-0.4981762245297432,65300.63
2024-03-17,-0.7124733669417245,68393.48
2024-03-18,0.3087388694286346,67609.99
2024-03-19,-0.5023213454655239,61937.4
2024-03-20,0.1325967669486999,67840.51
2024-03-21,-0.7259347438812256,65501.27
2024-03-22,-0.0926470973274924,63796.64
2024-03-23,0.1451524325779506,63990.01
2024-03-24,0.2002631783485412,67209.99
2024-03-25,0.4002358992894491,69880.01
2024-03-26,0.4030259251594543,69988.0
2024-03-27,-0.2000931149179285,69469.99
2024-03-28,0.5554259816805521,70780.6
2024-03-29,0.3950456261634826,69850.54
2024-03-30,-0.264810045560201,69582.18
2024-03-31,0.3333464860916137,71280.01
2024-04-01,-0.181012753645579,69649.8
2024-04-02,-0.7039852212457096,65463.99
2024-04-03,0.0139561505878673,65963.28
2024-04-04,0.370453376855169,68487.79
2024-04-05,-0.178858003446034,67820.62
2024-04-06,0.2708788459951227,68896.0
2024-04-07,0.3748878836631775,69360.39
2024-04-08,0.6003013134002686,71620.0
2024-04-09,-0.1197987496852874,69146.0
2024-04-10,0.1266206242144107,70631.08
2024-04-11,0.1472898907959461,70006.23
2024-04-12,0.0438042157574703,67116.52
2024-04-13,-0.3498886227607727,63924.51
2024-04-14,-0.2589965679428794,65661.84
2024-04-15,-0.302965772151947,63419.99
2024-04-16,-0.2955327069058138,63793.39
2024-04-17,-0.4303437603844536,61277.37
2024-04-18,-0.2294354163683377,63470.08
2024-04-19,-0.0208969712257385,63818.01
2024-04-20,0.0730698148409525,64940.59
2024-04-21,0.3999229113260905,64941.15
2024-04-22,0.3966188639402389,66819.32
2024-04-23,0.2040721714496612,66414.0
2024-04-24,0.262069444907339,64289.59
2024-04-25,-0.1567964428349545,64498.34
2024-04-26,-0.0742601686053806,63770.01
2024-04-27,-0.1990122556686401,63461.98
2024-04-28,-5.539506673814254e-05,63118.62
2024-04-29,-0.2975292950868606,63866.0
2024-04-30,-0.5851179711958941,60672.0
2024-05-01,-0.6718716783957048,58364.97
2024-05-02,0.2496866099536419,59060.61
2024-05-03,0.2672546585400899,62882.01
2024-05-04,0.7772348390685188,63892.04
2024-05-05,0.2507318183779716,64012.0
2024-05-06,0.2157115752880389,63165.19
2024-05-07,0.1025020215246412,62312.08
2024-05-08,0.0006647109985351,61193.03
2024-05-09,0,63074.01
2024-05-10,0,60799.99
2024-05-11,0,60825.99
2024-05-12,0,61483.99
2024-05-13,0,62940.08
2024-05-14,0,61577.49
2024-05-15,0,66206.5
2024-05-16,0,65235.21
2024-05-17,0,67024.0
2024-05-18,0,66915.2
2024-05-19,0,66274.01
2024-05-20,0,71446.62
2024-05-21,0,70148.34
2024-05-22,0,69166.62
2024-05-23,0,67969.65
2024-05-24,0,68549.99
2024-05-25,0,69290.57
2024-05-26,0,68507.67
2024-05-27,0,69436.43
2024-05-28,0,68398.39
2024-05-29,0,67652.42
2024-05-30,0,68352.17
2024-05-31,0,67540.01
2024-06-01,0,67766.85
2024-06-02,0,67765.63
2024-06-03,0,68809.9
2024-06-04,0,70537.84
2024-06-05,0,71108.0
2024-06-06,0,70799.06
2024-06-07,0,69355.6
2024-06-08,0,69310.46
2024-06-09,0,69648.14
2024-06-10,0,69540.0
2024-06-11,0,67314.24
2024-06-12,0,68263.99
2024-06-13,0,66773.01
2024-06-14,0,66043.99
2024-06-15,0,66228.25
2024-06-16,0,66676.87
2024-06-17,0,66504.33
2024-06-18,0,65175.32
2024-06-19,0,64974.37
2024-06-20,0,64869.99
2024-06-21,0,64143.56
2024-06-22,0,64262.01
2024-06-23,0,63210.01
2024-06-24,0,60293.3
2024-06-25,0,61806.01
2024-06-26,0,60864.99
2024-06-27,0,61706.47
2024-06-28,0,60427.84
2024-06-29,0,60986.68
2024-06-30,0,62772.01
2024-07-01,0,62899.99
2024-07-02,0,62135.47
2024-07-03,0,60208.58
2024-07-04,0,57050.01
2024-07-05,0,56628.79
2024-07-06,0,58230.13
2024-07-07,0,55857.81
2024-07-08,0,56714.62
2024-07-09,0,58050.0
2024-07-10,0,57725.85
2024-07-11,0,57339.89
2024-07-12,0,57889.1
2024-07-13,0,59204.02
2024-07-14,0,60797.91
2024-07-15,0,64724.14
2024-07-16,0,65043.99
2024-07-17,0,64087.99
2024-07-18,0,63987.92
2024-07-19,0.9981645941734314,66660.0
2024-07-20,0,67139.96
2024-07-21,0.9995806813240052,68165.34
2024-07-22,-0.0009341041247049,67532.01
2024-07-23,0.1538388530413309,65936.01
2024-07-24,0.2481709942221641,65376.0
2024-07-25,0,65799.95
2024-07-26,0.2505022287368774,67907.99
2024-07-27,0.1660435696442922,67896.5
2024-07-28,0.9905940294265748,68249.88
2024-07-29,0.3523891866207123,66784.69
2024-07-30,0.3328405022621155,66188.0
2024-07-31,-0.6634316047032675,64628.0
2024-08-01,0.3063662449518839,65354.02
2024-08-02,0.7478522509336472,61498.33
2024-08-03,0,60697.99
2024-08-04,0,58161.0
2024-08-05,-0.7531240582466125,54018.81
2024-08-06,-0.2684465971860019,56022.01
2024-08-07,0.2502212375402451,55134.16
2024-08-08,2.3543834686279297e-05,61685.99
2024-08-09,0.3290822009245555,60837.99
2024-08-10,0,60923.51
2024-08-11,0.9982265830039978,58712.59
2024-08-12,0.0011968101773943,59346.64
2024-08-13,-0.662549356619517,60587.15
2024-08-14,0.6630218823750814,58683.39
2024-08-15,0.9977741241455078,57541.06
2024-08-16,-0.3326187332471212,58874.6
2024-08-17,0,59491.99
2024-08-18,0,58427.35
2024-08-19,0.0007226268450418,59438.5
2024-08-20,0,59013.8
2024-08-21,0.0017808675765991,61156.03
2024-08-22,0.2843305004967583,60375.84
2024-08-23,0,64037.24
2024-08-24,0,64157.01
2024-08-25,0,64220.0
2024-08-26,0,62834.0
2024-08-27,-0.4275611213275364,59415.0
2024-08-28,-0.2738100064211878,59034.9
2024-08-29,0.2194207698106765,59359.01
2024-08-30,-0.2386939977777415,59123.99
2024-08-31,0.3658830285072326,58973.99
2024-09-01,-0.1935519923766454,57301.86
2024-09-02,-0.1663599258119409,59132.13
2024-09-03,-0.1167264475541956,57487.73
2024-09-04,0.0026934168168476,57970.9
2024-09-05,0.0922681957483291,56180.0
2024-09-06,-0.3114210900507475,54172.45
2024-09-07,-0.6599155929353502,54160.86
2024-09-08,-0.1446350150638156,54869.95
2024-09-09,0.2931408137083053,57042.0
2024-09-10,0.632222747260874,57635.99
2024-09-11,-0.3904173948146678,57338.0
2024-09-12,0.1846352503413246,58132.32
